{
    "naver": {
        "clientID": "",
        "clientSecret": "",
        "callbackURL": "/login/naver/callback"
    }, "facebook": {
        "clientID": "",
        "clientSecret": "",
        "callbackURL": "/login/facebook/callback"
    }, "google": {
        "clientID": "",
        "clientSecret": "",
        "callbackURL": "/login/google/callback"
    }, "twitter": {
        "consumerKey": "",
        "consumerSecret": "",
        "callbackURL": "/login/twitter/callback"
    }, "kakao": {
        "clientID": "",
        "callbackURL": "/login/kakao/callback"
    }
}