{
	"ADMIN": [ "Input admin id here" ],
	"MAIN_PORTS": [ 8080 ],
	"KKUTUHOT_PATH": "/kkutu/data/kkutuhot.json",
	"PASS":"Your password for management Here",
	"PG_USER": "postgres",
	"PG_PASSWORD": "Your PostgreSQL Password Here",
	"PG_PORT": 5432,
	"PG_DATABASE": "main",
	"GOOGLE_RECAPTCHA_TO_GUEST": false,
	"GOOGLE_RECAPTCHA_TO_USER": false,
	"GOOGLE_RECAPTCHA_SITE_KEY": "Your Google Recaptcha site key Here",
	"GOOGLE_RECAPTCHA_SECRET_KEY": "Your Google Recaptcha secret key Here",
	"IS_SECURED": false,
	"SSL_OPTIONS": {
		"PRIVKEY": "Your SSL Private Key Here",
		"CERT": "Your SSL Certificate Here",
		"CA": "Your SSL CA-Bundle Here",
		"PFX": "Your PFX Bundle Here",
		"isPFX": false,
		"isCA": false
	}
}
